Year,Stock 1,Stock 2,Stock 3,Stock 4,Stock 5,Stock 6,Stock 7,Stock 8,Stock 9,Stock 10,Stock 11,Stock 12,Stock 13,Stock 14,Stock 15,Stock 16,Stock 17,Stock 18,Stock 19,Stock 20,Stock 21,Stock 22,Stock 23,Stock 24,Stock 25,Stock 26,Stock 27,Stock 28,Stock 29,Stock 30,Stock 31,Stock 32,Stock 33,Stock 34,Stock 35,Stock 36,Stock 37,Stock 38,Stock 39,Stock 40,Stock 41,Stock 42,Stock 43,Stock 44,Stock 45,Stock 46,Stock 47,Stock 48,Stock 49,Stock 50,Stock 51,Stock 52,Stock 53,Stock 54,Stock 55,Stock 56,Stock 57,Stock 58,Stock 59,Stock 60,Stock 61,Stock 62,Stock 63,Stock 64,Stock 65,Stock 66,Stock 67,Stock 68,Stock 69,Stock 70,Stock 71,Stock 72,Stock 73,Stock 74,Stock 75,Stock 76,Stock 77,Stock 78,Stock 79,Stock 80,Stock 81,Stock 82,Stock 83,Stock 84,Stock 85,Stock 86,Stock 87,Stock 88,Stock 89,Stock 90,Stock 91,Stock 92,Stock 93,Stock 94,Stock 95,Stock 96,Stock 97,Stock 98,Stock 99,Stock 100,Stock 101,Stock 102,Stock 103,Stock 104,Stock 105,Stock 106,Stock 107,Stock 108,Stock 109,Stock 110,Stock 111,Stock 112,Stock 113,Stock 114,Stock 115,Stock 116,Stock 117,Stock 118,Stock 119,Stock 120,Stock 121,Stock 122,Stock 123,Stock 124,Stock 125,Stock 126,Stock 127,Stock 128,Stock 129,Stock 130,Stock 131,Stock 132,Stock 133,Stock 134,Stock 135,Stock 136,Stock 137,Stock 138,Stock 139,Stock 140,Stock 141,Stock 142,Stock 143,Stock 144,Stock 145,Stock 146,Stock 147,Stock 148,Stock 149,Stock 150,Stock 151,Stock 152,Stock 153,Stock 154,Stock 155,Stock 156,Stock 157,Stock 158,Stock 159,Stock 160,Stock 161,Stock 162,Stock 163,Stock 164,Stock 165,Stock 166,Stock 167,Stock 168,Stock 169,Stock 170,Stock 171,Stock 172,Stock 173,Stock 174,Stock 175,Stock 176,Stock 177,Stock 178,Stock 179,Stock 180,Stock 181,Stock 182,Stock 183,Stock 184,Stock 185,Stock 186,Stock 187,Stock 188,Stock 189,Stock 190,Stock 191,Stock 192,Stock 193,Stock 194,Stock 195,Stock 196,Stock 197,Stock 198,Stock 199,Stock 200,Stock 201,Stock 202,Stock 203,Stock 204,Stock 205,Stock 206,Stock 207,Stock 208,Stock 209,Stock 210,Stock 211,Stock 212,Stock 213,Stock 214,Stock 215,Stock 216,Stock 217,Stock 218,Stock 219,Stock 220,Stock 221,Stock 222,Stock 223,Stock 224,Stock 225,Stock 226,Stock 227,Stock 228,Stock 229,Stock 230,Stock 231,Stock 232,Stock 233,Stock 234,Stock 235,Stock 236,Stock 237,Stock 238,Stock 239,Stock 240,Stock 241,Stock 242,Stock 243,Stock 244,Stock 245,Stock 246,Stock 247,Stock 248,Stock 249,Stock 250,Stock 251,Stock 252,Stock 253,Stock 254,Stock 255,Stock 256,Stock 257,Stock 258,Stock 259,Stock 260,Stock 261,Stock 262,Stock 263,Stock 264,Stock 265,Stock 266,Stock 267,Stock 268,Stock 269,Stock 270,Stock 271,Stock 272,Stock 273,Stock 274,Stock 275,Stock 276,Stock 277,Stock 278,Stock 279,Stock 280,Stock 281,Stock 282,Stock 283,Stock 284,Stock 285,Stock 286,Stock 287,Stock 288,Stock 289,Stock 290,Stock 291,Stock 292,Stock 293,Stock 294,Stock 295,Stock 296,Stock 297,Stock 298,Stock 299,Stock 300,Stock 301,Stock 302,Stock 303,Stock 304,Stock 305,Stock 306,Stock 307,Stock 308,Stock 309,Stock 310,Stock 311,Stock 312,Stock 313,Stock 314,Stock 315,Stock 316,Stock 317,Stock 318,Stock 319,Stock 320,Stock 321,Stock 322,Stock 323,Stock 324,Stock 325,Stock 326,Stock 327,Stock 328,Stock 329,Stock 330,Stock 331,Stock 332,Stock 333,Stock 334,Stock 335,Stock 336,Stock 337,Stock 338,Stock 339,Stock 340,Stock 341,Stock 342,Stock 343,Stock 344,Stock 345,Stock 346,Stock 347,Stock 348,Stock 349,Stock 350,Stock 351,Stock 352,Stock 353,Stock 354,Stock 355,Stock 356,Stock 357,Stock 358,Stock 359,Stock 360,Stock 361,Stock 362,Stock 363,Stock 364,Stock 365,Stock 366,Stock 367,Stock 368,Stock 369,Stock 370,Stock 371,Stock 372,Stock 373,Stock 374,Stock 375,Stock 376,Stock 377,Stock 378,Stock 379,Stock 380,Stock 381,Stock 382,Stock 383,Stock 384,Stock 385,Stock 386,Stock 387,Stock 388,Stock 389,Stock 390,Stock 391,Stock 392,Stock 393,Stock 394,Stock 395,Stock 396,Stock 397,Stock 398,Stock 399,Stock 400,Stock 401,Stock 402,Stock 403,Stock 404,Stock 405,Stock 406,Stock 407,Stock 408,Stock 409,Stock 410,Stock 411,Stock 412,Stock 413,Stock 414,Stock 415,Stock 416,Stock 417,Stock 418,Stock 419,Stock 420,Stock 421,Stock 422,Stock 423,Stock 424,Stock 425,Stock 426,Stock 427,Stock 428,Stock 429,Stock 430,Stock 431,Stock 432,Stock 433,Stock 434,Stock 435,Stock 436,Stock 437,Stock 438,Stock 439,Stock 440,Stock 441,Stock 442,Stock 443,Stock 444,Stock 445,Stock 446,Stock 447,Stock 448,Stock 449,Stock 450,Stock 451,Stock 452,Stock 453,Stock 454,Stock 455,Stock 456,Stock 457,Stock 458,Stock 459,Stock 460,Stock 461,Stock 462,Stock 463,Stock 464,Stock 465,Stock 466,Stock 467,Stock 468,Stock 469,Stock 470,Stock 471,Stock 472,Stock 473,Stock 474,Stock 475,Stock 476,Stock 477,Stock 478,Stock 479,Stock 480,Stock 481,Stock 482,Stock 483,Stock 484,Stock 485,Stock 486,Stock 487,Stock 488,Stock 489,Stock 490,Stock 491,Stock 492,Stock 493,Stock 494,Stock 495,Stock 496,Stock 497,Stock 498,Stock 499,Stock 500
2000,33,35,63,31,52,47,32,65,20,43,32,48,47,38,46,62,37,47,58,29,59,60,46,47,27,54,41,40,37,28,54,29,53,67,44,46,58,57,28,49,53,55,40,51,60,54,57,36,31,36,42,59,38,51,38,78,45,52,32,53,24,20,69,60,74,57,31,57,27,49,45,44,27,34,50,34,35,83,40,78,59,52,51,61,68,48,63,29,43,24,54,65,40,48,44,59,42,35,44,59,60,28,58,70,68,59,48,42,62,59,24,49,43,55,24,45,17,25,37,35,59,39,48,55,64,58,42,40,20,53,58,63,53,45,55,63,56,57,48,68,53,50,42,13,62,24,42,21,67,70,45,57,46,26,56,35,49,49,17,59,32,44,52,75,47,53,56,73,63,45,47,35,49,19,49,37,65,50,41,56,32,32,41,40,57,47,34,57,57,48,73,36,52,52,57,18,100,35,49,61,46,44,43,62,38,49,48,34,50,56,51,45,47,52,44,59,36,49,54,47,45,61,34,50,73,82,37,46,38,68,24,47,48,55,34,32,27,63,61,13,63,24,40,29,35,49,41,60,39,40,44,58,14,43,48,11,41,47,34,62,33,50,32,18,39,66,65,53,53,28,51,14,65,71,58,48,58,60,0,66,39,55,35,35,35,61,31,51,39,38,24,54,66,41,57,52,33,12,36,31,49,76,39,43,58,40,47,50,21,37,70,19,43,48,39,32,53,53,49,64,51,67,32,46,46,46,28,47,53,48,42,51,51,56,83,43,54,37,54,67,46,39,29,73,30,51,54,35,58,37,73,31,17,59,30,11,45,47,44,51,65,38,24,74,64,50,70,45,51,65,58,53,51,60,61,53,32,64,61,54,41,57,5,62,59,55,63,74,29,30,39,55,35,60,59,50,62,36,47,57,56,28,33,49,70,46,9,35,25,9,59,63,45,45,63,42,36,42,38,58,46,52,49,69,67,62,68,21,66,61,62,50,33,38,38,39,43,75,24,51,56,64,46,39,62,70,62,56,82,59,36,96,29,61,21,46,29,39,47,16,77,42,52,55,73,54,33,46,53,49,67,31,47,65,46,48,50,39,49,45,52,47,49,77,41,27,21,41,46,66,53,53,55,59,46,41,37,62,52,25
2001,54,21,62,41,41,46,17,63,28,36,31,46,30,50,39,65,51,41,62,23,45,43,52,29,37,32,29,20,42,39,72,20,45,58,51,50,68,41,28,60,48,55,43,62,59,60,63,39,31,35,36,62,27,51,32,70,47,55,45,42,41,32,60,47,63,52,65,51,29,57,47,58,23,22,60,46,24,94,41,51,64,42,43,59,82,37,52,49,47,26,49,45,55,45,22,57,55,42,39,59,67,11,58,63,68,53,43,43,58,53,44,47,44,56,30,45,53,27,59,30,44,37,55,45,48,41,48,45,35,47,45,56,55,38,53,52,48,53,26,35,53,73,34,0,83,32,52,28,67,56,30,55,37,32,55,55,33,38,22,49,46,39,45,54,59,45,37,87,49,41,38,56,66,14,49,21,73,47,65,58,43,24,39,40,49,37,31,49,67,48,63,50,54,41,54,33,77,30,42,54,29,46,55,33,47,42,41,39,42,71,58,49,17,51,60,39,34,57,51,40,44,51,33,35,32,47,25,54,34,55,9,54,45,52,50,32,36,74,63,25,47,28,47,24,38,48,43,55,36,34,34,53,44,49,45,43,19,40,54,42,39,40,34,45,25,59,52,59,54,21,48,12,67,52,46,48,44,47,22,69,37,34,43,35,27,41,31,44,16,38,43,42,64,25,59,34,44,28,50,46,58,64,27,49,49,39,27,46,38,36,46,55,35,34,42,26,51,53,40,56,42,71,36,53,51,62,34,46,67,42,53,56,58,40,74,41,40,30,40,53,36,25,50,53,46,46,38,32,56,45,70,46,20,48,56,9,30,39,57,35,57,34,12,60,48,52,70,47,39,53,55,45,55,67,55,49,33,62,47,43,42,36,27,69,40,46,44,53,30,39,40,40,40,61,39,55,61,35,29,66,82,43,38,39,64,46,3,20,23,6,58,43,35,42,59,40,33,44,31,31,44,69,51,63,33,52,65,63,76,65,64,39,21,43,51,46,50,100,27,44,41,48,40,44,43,45,58,51,69,52,53,58,30,61,28,49,48,34,63,38,65,36,44,53,60,58,44,32,59,38,65,49,48,65,32,54,35,33,48,37,45,56,64,55,46,34,43,45,31,68,55,59,58,49,34,64,36,64,55,34
2002,51,45,68,69,44,56,39,65,23,46,27,47,52,51,39,67,47,43,69,38,40,55,70,53,35,36,45,47,32,45,61,39,66,70,47,56,74,67,36,72,54,63,54,52,70,67,54,42,49,28,52,54,29,82,36,88,47,48,23,37,16,45,65,72,67,39,61,57,36,57,41,54,32,27,90,39,24,92,51,59,75,71,17,62,62,50,79,58,53,21,56,47,51,32,32,53,60,47,64,59,72,16,48,53,68,55,47,45,53,57,38,45,60,60,42,50,41,29,69,34,54,41,50,51,47,33,42,39,44,53,55,64,83,43,37,53,44,43,46,52,72,59,38,27,82,40,45,37,50,77,49,56,61,40,65,49,31,43,39,53,51,52,30,60,69,31,63,75,59,50,40,56,59,38,68,50,71,61,55,52,56,55,37,20,73,53,43,53,62,40,54,56,64,61,42,51,96,14,50,55,44,63,56,63,25,33,57,38,60,61,58,61,56,47,45,47,54,61,83,49,50,49,29,48,58,49,52,61,41,52,26,58,70,65,54,40,51,70,60,36,54,36,54,19,40,36,44,58,41,50,34,80,7,55,46,67,19,28,56,54,31,48,36,29,41,61,58,43,55,27,54,28,78,78,62,62,74,74,12,77,34,64,55,38,36,55,35,43,36,39,42,59,59,34,73,52,25,60,41,46,65,94,38,38,49,55,34,61,23,59,51,29,43,53,32,22,56,55,36,68,45,76,47,48,67,68,37,29,49,50,37,66,64,45,71,32,42,40,41,75,68,42,37,72,35,37,49,44,52,23,67,59,42,49,51,26,42,44,48,50,68,34,26,57,53,60,76,44,38,51,60,54,61,65,41,38,38,55,67,64,37,60,23,80,34,63,44,52,40,40,34,37,56,65,58,57,55,34,37,65,100,37,71,37,66,55,0,18,36,8,60,69,44,54,54,24,66,36,20,35,51,59,47,68,47,67,68,85,66,63,81,37,27,52,47,32,34,82,19,48,57,59,45,49,53,62,45,85,72,57,48,62,25,71,29,40,31,40,66,23,83,29,58,57,57,65,39,28,53,51,81,43,41,64,63,63,26,44,63,42,62,47,51,72,32,49,47,47,45,85,65,46,62,61,37,55,46,55,66,45
2003,56,53,63,51,34,60,24,79,26,68,53,58,45,46,58,68,41,50,61,32,39,54,70,40,38,63,50,36,54,52,62,14,62,68,70,62,62,66,35,81,51,58,50,75,68,81,59,43,53,41,62,72,31,80,52,77,55,43,37,38,37,40,57,65,59,44,68,56,43,52,45,55,54,0,60,46,31,93,55,72,58,61,40,61,62,29,66,66,57,46,46,55,46,40,42,66,76,42,46,61,76,57,57,55,68,47,55,37,70,71,39,59,69,70,35,55,77,41,47,36,73,29,47,61,49,49,39,28,59,65,47,62,67,46,55,51,48,52,58,43,70,58,53,28,80,41,58,47,58,64,52,50,39,40,67,59,53,51,40,53,56,45,46,33,62,24,55,78,49,42,69,45,62,23,66,35,69,62,58,57,34,23,45,47,77,38,32,61,59,36,79,63,60,54,51,26,88,25,44,61,53,58,52,49,47,54,62,56,39,76,60,72,50,46,67,47,56,68,71,49,46,54,35,62,50,70,31,67,37,61,25,57,61,68,57,36,54,80,59,72,62,36,55,22,39,48,45,64,61,57,44,61,45,53,47,38,23,48,39,44,38,42,39,51,36,58,62,45,43,18,64,33,88,73,46,52,64,50,7,68,47,48,55,42,55,51,37,49,6,48,43,58,44,46,60,48,28,44,38,30,60,100,36,60,63,60,46,75,30,57,58,49,43,63,53,35,61,52,29,76,45,79,54,55,38,42,32,52,90,57,60,75,66,41,69,44,52,36,75,71,60,43,52,74,53,53,55,31,74,33,76,57,30,51,48,37,45,35,59,43,75,44,39,76,58,77,79,53,82,61,32,50,56,82,43,51,39,66,77,64,44,63,22,68,60,55,67,68,31,71,31,32,47,60,44,46,64,32,32,63,85,54,47,41,69,53,23,44,41,20,72,63,52,58,66,48,38,36,46,48,43,69,59,74,46,79,74,59,69,67,55,39,27,52,68,55,51,60,25,36,60,62,41,37,37,45,83,61,54,62,77,69,38,60,25,66,47,29,49,42,81,40,37,50,76,88,40,38,57,51,83,36,44,63,61,57,49,50,53,40,57,85,62,72,50,35,44,63,67,68,64,68,57,71,50,50,43,62,76,18
2004,46,53,89,59,46,57,25,80,41,60,58,67,61,57,47,75,45,56,60,38,68,63,80,55,38,75,40,46,54,60,74,19,61,85,68,91,78,67,49,70,56,77,60,83,64,73,59,27,53,54,67,71,40,79,56,88,63,53,23,69,47,36,78,75,59,60,34,53,51,77,57,54,25,4,55,31,53,90,59,81,82,72,40,73,69,44,65,36,55,34,67,59,52,54,53,58,72,56,52,58,75,26,49,49,76,52,63,49,61,73,50,64,70,79,49,60,31,44,70,45,66,48,57,57,58,27,52,64,45,62,57,52,72,53,57,57,70,62,73,67,66,65,62,5,100,53,47,56,59,71,41,66,62,49,58,84,51,55,48,56,65,43,50,81,58,54,40,75,46,55,69,54,66,58,61,53,85,80,67,68,44,64,54,38,87,43,60,40,75,56,92,61,81,58,57,23,81,29,50,80,78,60,50,41,46,61,51,58,38,88,60,68,49,59,52,49,52,68,74,56,60,60,48,45,48,60,47,65,40,79,13,56,52,67,72,77,56,71,67,69,77,37,74,40,51,40,55,61,70,64,57,66,47,58,69,45,43,46,45,65,39,50,45,58,48,62,61,74,65,36,68,25,83,82,36,72,81,75,32,69,41,50,52,47,34,74,51,45,32,54,46,42,46,45,67,53,33,58,31,52,76,80,52,57,55,71,55,65,35,63,53,40,45,65,63,52,66,57,60,83,53,85,65,60,69,60,40,73,54,60,50,81,81,47,100,43,59,44,74,76,66,74,42,76,66,64,49,51,45,46,85,62,33,49,65,54,54,57,50,51,76,39,46,76,88,52,73,40,49,67,83,60,69,71,56,65,60,56,79,67,52,65,47,90,64,59,60,52,35,58,34,40,57,78,60,76,66,61,53,77,82,45,65,54,71,59,17,42,38,46,64,50,59,67,74,87,50,72,34,36,58,71,71,75,61,92,76,71,79,73,83,42,0,65,67,62,59,75,39,76,62,68,69,63,70,57,69,39,78,62,74,73,48,73,40,51,56,38,67,70,90,53,57,66,71,64,54,31,63,58,77,52,52,71,56,75,52,58,77,50,56,76,59,64,66,30,43,57,50,84,73,47,66,82,43,68,61,72,59,45
2005,62,47,82,59,59,59,10,84,35,51,66,54,39,63,68,71,52,55,59,38,57,71,78,76,36,41,76,63,50,52,63,21,60,81,63,64,86,41,42,65,58,69,58,66,69,70,74,54,39,49,71,65,40,73,37,91,60,59,43,58,53,30,63,86,68,74,58,64,50,68,62,46,43,38,50,35,41,100,55,68,61,66,50,83,82,36,58,47,56,43,53,61,54,67,51,66,73,51,42,63,78,44,46,66,62,63,55,38,78,77,30,70,83,63,46,73,45,32,71,36,56,39,47,60,64,46,55,41,42,50,44,89,73,26,52,52,75,62,65,49,59,65,65,25,70,41,58,67,65,80,54,68,46,37,57,57,59,57,28,62,49,70,47,54,56,36,64,85,38,52,57,36,71,48,65,63,59,76,60,63,43,46,66,53,72,66,57,70,62,49,68,45,71,70,70,51,99,31,57,61,69,66,52,54,55,67,37,48,36,56,62,45,40,60,55,46,67,61,66,50,58,65,35,58,66,54,44,74,44,60,75,69,38,63,57,58,26,71,59,58,68,49,57,24,51,49,48,59,49,62,50,73,44,57,70,43,31,67,46,66,60,39,40,71,52,57,66,69,74,44,61,24,79,64,62,76,70,78,9,77,48,50,53,44,39,57,39,33,18,44,48,32,63,47,83,50,62,52,60,34,82,69,50,54,54,54,37,66,36,50,64,54,57,64,64,39,66,55,51,68,55,77,70,42,56,54,55,54,47,60,63,58,52,52,72,45,51,37,66,66,52,32,48,70,52,55,60,57,75,37,82,43,39,44,61,50,54,43,51,56,69,41,23,61,61,61,60,64,51,51,74,59,70,43,57,61,54,49,57,73,53,65,38,87,82,68,57,61,40,56,41,47,85,82,64,69,62,47,50,58,66,54,81,46,62,54,0,43,32,35,91,74,53,71,53,53,63,60,35,50,55,89,50,77,74,69,77,55,77,75,64,43,49,67,53,58,47,51,22,54,59,59,56,51,50,65,57,44,68,75,65,77,38,60,38,52,63,47,64,60,73,51,20,39,69,75,58,41,77,55,71,58,76,64,13,75,58,51,71,53,49,69,53,82,51,51,38,66,66,81,74,60,66,89,39,61,50,81,58,39
2006,39,36,73,47,38,38,21,77,16,32,32,47,53,54,39,47,18,30,67,19,67,45,60,30,19,33,57,39,40,37,67,2,48,55,42,53,57,36,27,64,47,56,36,41,44,69,63,9,37,41,48,41,36,50,33,65,45,39,27,49,27,10,73,58,51,41,23,45,32,55,34,38,5,12,37,38,16,67,35,55,45,45,45,48,50,30,48,58,36,20,43,24,45,39,34,60,62,29,27,51,61,17,35,47,61,37,41,35,52,61,24,37,60,56,27,42,39,40,54,27,51,19,38,44,61,48,6,30,48,43,31,36,57,35,27,51,57,41,43,39,50,45,36,1,60,35,50,35,36,61,31,79,42,13,42,47,51,37,29,37,39,48,46,58,56,17,41,82,19,37,56,14,60,44,35,52,72,47,55,38,53,49,54,46,58,63,21,53,50,44,49,76,53,43,75,44,72,29,35,36,70,53,39,27,40,48,35,32,38,49,49,49,22,35,47,46,57,50,55,28,39,42,25,17,34,48,37,52,32,45,9,28,34,48,65,48,42,56,43,29,42,25,40,13,29,34,35,60,41,55,24,49,50,38,65,55,35,46,23,52,20,30,31,29,28,48,44,42,33,32,51,7,68,45,21,54,61,63,4,57,22,48,27,29,38,57,27,22,15,34,34,24,68,19,54,40,27,22,25,28,59,51,52,32,49,42,36,34,20,40,29,36,35,32,32,33,48,71,31,61,40,74,45,36,49,42,23,44,56,47,49,48,66,33,80,37,51,13,54,59,49,40,25,47,41,35,39,39,43,32,68,44,16,38,35,20,31,22,40,34,63,30,17,56,47,55,76,23,57,44,49,44,48,45,45,26,39,57,66,50,45,29,34,70,58,56,29,43,29,42,35,31,49,62,46,53,51,38,58,54,64,27,47,35,51,36,2,21,20,13,73,49,14,37,36,48,29,44,43,34,31,53,17,54,50,66,65,63,67,56,55,22,0,48,25,36,53,100,8,44,34,58,50,39,42,41,27,25,60,50,53,45,21,55,26,29,29,25,55,40,45,39,9,37,31,53,44,25,47,48,62,36,22,62,40,61,45,30,41,27,48,53,41,56,37,30,22,28,40,82,58,27,50,59,34,28,27,51,43,25
2007,46,45,80,52,34,61,7,65,30,70,36,54,47,71,22,57,27,35,74,15,52,55,43,36,24,46,38,43,40,50,59,2,45,57,58,62,44,50,49,76,43,62,41,52,54,65,31,30,36,37,68,62,31,82,31,67,51,31,16,48,24,35,72,48,56,53,46,51,39,66,28,31,26,8,51,22,32,91,57,68,66,48,47,75,27,44,64,74,43,25,76,38,49,55,59,48,58,20,52,58,65,8,39,55,57,47,42,41,45,76,11,68,70,62,30,58,44,17,64,39,83,29,52,51,87,44,41,31,28,66,32,66,52,56,32,51,23,54,56,36,55,60,63,12,93,39,52,34,51,55,36,46,41,36,60,65,43,56,30,42,44,51,66,68,35,53,56,83,36,46,79,24,71,51,52,49,69,46,64,51,57,59,53,29,72,73,53,51,65,36,51,66,53,58,61,26,93,29,47,53,53,55,45,63,51,61,44,43,33,74,55,57,33,53,59,51,37,62,42,42,48,47,40,43,27,56,52,64,25,57,64,34,51,60,43,30,8,54,71,22,49,38,52,39,41,43,39,61,39,58,46,70,14,55,53,42,21,58,43,57,22,22,43,18,40,50,48,42,52,18,48,15,71,67,48,51,58,71,12,54,49,28,41,34,42,60,47,31,10,37,31,31,51,38,39,45,45,61,54,35,59,49,55,55,58,65,33,32,13,44,36,16,45,30,41,38,50,33,17,39,42,74,73,45,29,16,30,64,64,39,49,61,45,33,50,50,27,36,34,92,46,34,54,71,48,41,51,58,29,35,82,55,33,34,35,25,52,36,46,47,71,33,31,76,61,84,54,50,57,43,70,49,54,58,44,55,29,54,74,56,38,50,20,65,75,58,42,47,45,57,45,34,60,67,61,54,57,26,36,57,100,49,65,45,77,51,0,17,22,29,74,63,31,45,47,37,61,28,65,45,23,62,46,73,39,62,72,43,61,51,74,27,26,61,47,61,20,63,31,59,31,58,53,50,34,43,55,29,56,84,28,62,17,45,54,52,57,27,53,53,56,42,44,50,51,58,34,24,66,35,70,35,48,66,46,66,64,41,49,40,38,54,67,77,44,18,39,44,63,78,50,50,55,74,44,43,33,68,39,35
2008,54,46,91,69,52,54,32,91,43,73,53,63,74,75,52,73,62,57,76,43,54,63,56,54,47,44,48,59,63,63,72,31,67,64,70,59,69,58,58,80,59,89,49,78,73,71,66,49,58,37,49,55,69,61,31,71,61,65,42,67,51,47,82,83,55,69,47,69,36,70,43,62,41,40,47,51,52,97,55,70,63,68,55,70,77,67,53,57,64,42,56,62,57,34,55,46,70,53,55,52,79,30,59,53,64,57,57,44,65,64,38,75,89,67,44,56,65,28,55,52,70,43,44,54,85,62,46,54,66,59,53,90,59,56,53,58,48,56,58,47,63,56,60,21,72,50,60,62,59,81,63,78,70,57,64,75,50,57,26,59,58,45,67,65,56,53,73,73,44,56,59,53,78,59,66,67,76,70,68,69,72,67,62,40,74,63,49,51,57,52,79,69,56,66,68,48,100,31,57,65,61,60,47,40,51,74,47,67,56,59,47,65,51,66,63,53,49,68,55,55,56,61,48,30,45,55,60,74,32,62,43,55,50,72,57,31,61,75,82,37,66,55,71,46,42,51,52,53,58,70,55,69,59,60,73,60,41,54,68,69,41,61,28,58,41,60,65,60,57,44,56,28,73,75,56,73,82,70,27,73,58,59,43,49,45,59,54,40,32,40,55,38,64,39,54,64,35,43,50,58,69,75,63,65,76,70,71,60,29,73,74,50,61,57,53,47,58,70,45,78,59,61,60,54,30,55,49,62,58,72,62,70,61,55,89,67,48,58,70,83,57,48,56,75,60,31,76,63,58,52,85,52,22,53,41,61,48,50,56,50,71,48,47,48,78,67,79,45,54,58,74,61,60,66,68,57,46,70,68,68,59,41,47,89,55,60,44,51,47,61,54,52,69,73,58,83,60,57,42,65,93,48,72,52,60,54,0,37,35,32,90,79,43,47,52,40,67,51,59,65,56,70,56,83,59,75,75,68,72,79,85,52,47,65,31,45,51,74,35,28,50,71,69,48,79,33,62,76,62,70,46,74,39,78,42,51,50,59,68,44,70,60,70,52,60,75,46,35,56,56,57,56,63,65,51,69,46,63,78,55,58,72,80,78,58,39,36,64,69,75,64,57,53,60,48,52,53,87,72,56
2009,63,34,67,65,24,41,31,53,26,48,22,40,34,40,37,53,32,30,50,14,32,44,40,33,19,37,28,48,28,32,64,21,41,44,42,52,40,34,26,59,35,54,37,56,59,66,54,30,37,26,51,53,25,33,24,100,45,33,30,52,35,17,57,62,34,53,2,52,27,49,46,50,20,13,40,32,20,76,47,48,53,36,48,59,50,37,43,45,32,17,34,34,38,39,49,28,43,34,16,27,69,31,41,40,51,54,40,21,43,48,43,64,58,52,39,52,17,21,34,32,57,4,31,41,60,37,18,27,16,53,30,52,45,36,34,47,54,56,41,32,42,48,37,12,71,28,48,23,45,42,58,55,64,47,17,35,26,41,7,38,47,47,58,51,47,44,18,53,27,41,40,25,71,10,41,41,53,48,41,24,51,20,50,19,55,45,31,48,49,59,59,45,48,42,42,28,59,17,34,44,53,44,43,37,35,52,45,20,36,61,46,56,10,47,26,32,38,50,25,31,47,56,27,31,43,46,56,47,29,46,44,36,22,51,31,30,29,52,52,38,36,26,45,9,38,27,41,63,43,39,31,48,37,42,50,44,26,30,35,48,39,22,0,15,23,45,50,35,44,26,49,14,64,35,44,47,62,67,8,50,24,51,30,33,34,37,32,12,7,30,43,34,43,35,64,45,58,34,19,24,55,44,42,28,47,41,33,41,9,26,52,35,41,30,25,34,38,46,28,57,38,46,64,33,37,28,34,54,60,31,41,42,49,41,56,46,15,33,53,61,37,30,48,51,42,18,34,30,42,37,72,43,19,41,31,33,34,31,39,37,66,36,21,43,33,44,66,50,50,44,63,41,48,19,47,49,38,34,50,50,51,34,50,49,65,45,36,37,37,43,39,28,51,47,38,40,42,19,39,47,52,46,76,24,54,41,4,20,17,22,45,47,25,23,34,27,35,24,27,34,32,56,30,59,35,57,55,67,53,56,65,37,24,42,36,27,45,63,28,35,40,47,50,33,33,16,50,65,42,61,43,66,19,52,40,32,18,12,36,26,46,33,21,34,33,64,20,22,59,40,63,32,57,46,38,62,28,43,54,38,52,31,51,62,60,26,20,39,52,58,53,41,47,55,27,41,32,47,26,23
2010,69,51,79,58,56,49,64,79,33,57,36,54,52,78,43,45,41,34,68,40,52,47,64,74,40,49,37,69,55,48,67,21,52,73,57,83,56,58,44,71,36,66,44,67,71,61,79,33,38,32,55,37,46,46,0,72,59,61,25,59,53,25,84,69,59,56,33,57,57,59,54,77,33,2,64,31,41,100,59,58,61,34,51,57,44,27,55,49,49,27,50,52,47,33,49,54,64,38,42,44,85,34,59,68,63,36,50,36,47,72,64,62,82,59,51,53,40,36,51,38,79,23,68,42,66,52,37,56,20,65,35,57,67,40,61,53,58,45,50,44,70,49,52,2,92,44,59,45,52,55,49,75,91,49,29,35,38,49,42,54,42,58,68,51,65,40,46,90,29,55,54,48,80,51,59,73,41,60,55,53,51,61,48,27,60,60,54,53,53,62,61,69,46,61,51,31,88,32,50,51,75,71,44,40,53,64,57,38,86,74,53,54,24,56,48,50,41,63,51,39,50,57,35,42,56,52,50,61,42,49,24,43,40,51,54,50,37,65,73,51,52,41,46,43,35,39,41,69,48,64,31,76,26,52,42,27,62,51,48,40,47,51,20,58,34,51,60,50,51,35,58,36,69,74,46,73,59,73,22,74,39,61,70,44,39,54,56,36,28,29,49,56,57,31,46,35,58,48,45,33,61,66,52,52,76,73,61,43,42,56,48,53,42,46,47,40,62,39,36,80,60,21,47,34,36,61,36,63,44,47,51,75,53,45,95,34,49,25,64,65,28,38,56,62,54,11,54,46,52,44,71,52,39,42,51,14,50,38,41,50,85,37,23,40,63,66,68,61,53,50,62,52,62,58,43,53,44,58,73,65,41,51,38,66,76,60,57,53,30,36,64,47,54,57,60,55,59,17,62,61,76,37,88,50,56,57,7,27,24,45,91,83,46,45,52,46,25,32,56,35,57,78,20,81,37,69,77,56,68,67,77,33,19,69,49,63,35,84,28,30,57,60,53,39,47,54,38,49,52,76,52,77,31,86,60,46,37,50,33,48,68,48,50,52,49,71,51,30,60,40,97,39,47,58,40,64,44,58,71,58,41,40,68,80,35,33,22,53,75,82,62,53,52,66,48,58,45,74,47,31
2011,50,38,64,51,42,48,26,71,25,53,31,50,54,51,37,48,41,31,66,24,57,43,37,65,23,58,35,54,41,28,49,30,52,58,38,42,53,31,28,75,39,54,49,61,72,60,55,32,33,35,51,62,43,36,16,81,49,43,26,61,42,20,52,52,54,61,37,56,32,37,35,59,37,34,50,37,39,100,40,53,39,35,30,60,12,32,62,30,25,24,40,32,45,32,49,38,58,44,37,34,69,51,29,44,46,59,45,40,53,55,43,37,64,60,29,50,23,25,50,37,48,20,57,49,60,30,22,39,45,52,47,45,64,45,49,42,57,54,61,42,48,54,45,21,66,34,53,48,57,66,47,55,57,40,33,36,33,45,0,42,40,54,54,51,53,43,35,70,22,43,46,31,57,33,37,44,48,52,56,53,41,42,49,28,44,48,43,52,54,66,61,48,49,49,49,31,71,26,49,56,61,58,43,25,48,48,38,32,37,70,37,48,34,53,34,38,47,52,39,36,43,52,37,36,42,33,51,49,40,53,37,43,22,49,31,29,19,52,48,48,38,43,47,17,35,41,46,56,52,54,28,56,36,42,64,40,27,42,55,43,38,33,36,45,28,36,55,50,43,29,42,11,64,45,56,58,66,70,12,59,33,50,30,36,27,53,33,31,24,37,39,49,56,29,41,42,35,54,37,28,49,58,55,37,49,53,58,35,24,48,38,44,42,50,37,41,48,39,40,55,44,31,37,31,28,33,33,50,30,49,42,39,43,52,63,49,40,32,53,64,36,32,49,53,49,23,42,42,58,35,76,27,31,43,40,29,33,30,39,43,47,42,32,53,44,65,62,58,67,49,59,40,49,43,37,53,44,52,63,60,54,46,33,67,53,46,39,30,33,25,75,44,50,49,61,37,47,36,30,64,96,39,78,33,55,44,11,16,19,21,46,63,46,43,43,68,27,29,40,36,38,51,32,62,38,42,57,50,58,45,66,42,35,49,33,48,51,57,39,25,34,46,48,40,35,43,35,42,50,51,51,44,28,62,41,25,46,36,43,26,56,34,50,41,58,77,35,42,55,32,82,32,44,48,26,49,41,34,58,47,44,50,55,69,38,36,36,51,62,49,51,51,45,54,40,34,33,62,33,39
2012,58,42,66,43,43,47,28,70,25,44,39,51,48,51,34,45,65,17,61,25,48,30,22,52,35,40,52,52,41,48,54,15,45,58,54,38,38,33,27,81,34,61,26,76,59,45,60,37,24,29,58,46,36,36,1,65,49,50,4,53,32,32,59,59,45,47,15,49,34,54,37,64,28,10,35,23,37,100,40,50,51,51,20,50,51,43,39,47,34,20,53,29,43,40,37,40,71,36,45,29,61,38,35,49,38,54,34,26,52,58,32,54,67,44,32,44,39,27,44,36,54,32,36,49,60,38,36,31,29,56,49,50,63,43,44,37,59,51,37,40,44,54,40,22,63,46,40,48,45,64,44,48,54,44,34,37,45,43,10,40,36,45,53,52,51,46,31,55,27,48,38,41,56,55,46,57,62,55,48,60,60,37,30,30,41,38,47,45,56,51,51,44,50,44,42,21,65,17,47,68,50,54,36,22,45,50,50,44,38,52,44,37,30,53,30,26,44,53,34,40,48,51,31,40,38,33,50,51,28,44,43,24,16,40,37,40,28,43,47,37,39,35,51,29,34,27,48,73,53,42,35,58,19,49,49,32,28,41,43,58,33,39,37,48,38,37,54,38,33,37,39,34,62,43,41,61,60,57,0,56,13,56,33,40,33,52,32,29,9,35,36,35,48,32,47,38,48,33,42,33,46,42,56,50,52,37,40,29,30,48,48,47,37,51,36,42,35,36,37,53,43,41,43,35,34,25,39,52,51,47,32,40,37,48,64,48,42,31,53,55,42,37,78,50,39,28,61,39,52,61,61,46,32,40,38,25,44,34,38,51,69,41,37,30,43,69,70,48,49,56,42,37,51,52,45,43,29,57,49,51,38,49,36,61,35,46,43,53,40,21,67,43,61,54,56,51,27,43,35,64,62,37,95,42,62,39,21,15,22,17,48,64,55,29,41,48,45,34,41,44,41,62,8,55,48,48,54,44,64,56,56,34,30,63,30,45,48,59,40,35,45,53,48,36,35,40,59,28,58,50,35,66,29,60,40,32,33,34,45,17,56,44,41,45,60,58,43,34,41,46,57,44,42,54,39,52,42,60,60,39,52,55,48,62,49,28,40,51,53,53,55,53,44,52,42,28,34,62,63,35
2013,93,31,74,52,30,40,17,59,31,60,38,54,23,57,38,59,40,45,50,17,52,47,40,55,31,48,27,44,36,44,43,32,45,55,55,40,28,14,39,70,52,63,31,73,60,61,40,29,24,34,70,39,36,47,1,77,48,52,21,50,55,31,68,60,66,46,27,41,29,44,39,58,36,24,30,10,27,100,38,65,44,38,39,43,29,43,70,25,40,12,51,34,32,36,62,60,70,32,30,36,72,22,27,29,59,51,46,30,39,60,35,53,79,63,31,59,20,19,27,36,67,37,32,37,33,37,46,38,24,55,41,49,68,29,32,35,61,40,25,25,51,53,41,32,84,32,43,57,51,61,37,57,71,15,45,35,30,28,15,35,50,51,43,36,61,59,44,53,13,54,33,31,54,48,43,55,64,59,50,25,42,50,53,33,45,32,40,51,59,62,68,42,44,39,23,2,61,33,40,59,65,45,39,49,55,58,37,29,54,47,55,37,39,57,57,25,42,52,33,41,54,47,32,30,44,25,65,60,52,36,34,44,27,46,21,27,28,54,52,29,50,37,56,25,39,30,37,71,44,55,16,49,39,46,60,31,41,38,40,59,49,11,35,40,30,43,41,55,55,37,34,29,55,62,46,54,71,47,0,57,26,54,48,35,47,46,39,24,14,31,43,32,29,25,46,41,31,66,41,27,46,67,56,48,50,66,64,35,7,41,45,45,27,44,15,29,36,39,50,63,43,41,52,21,29,33,28,45,21,41,50,41,51,28,44,39,21,37,59,73,39,27,40,66,56,10,60,32,48,80,61,31,15,48,37,23,34,21,41,41,76,26,36,57,50,39,44,52,48,45,65,45,55,49,32,53,47,61,56,48,54,38,67,63,67,44,30,35,27,42,83,43,63,47,50,53,63,48,65,61,68,34,95,52,79,47,11,4,23,28,82,59,56,30,35,61,19,47,62,27,36,45,38,63,19,54,56,27,66,62,59,30,18,57,34,57,50,43,24,33,38,57,45,25,61,63,32,61,60,71,42,71,26,65,31,31,41,39,32,19,75,54,34,39,57,54,22,29,68,35,75,37,43,42,31,64,43,42,46,35,31,64,71,63,68,30,24,56,44,64,59,31,49,65,38,31,35,80,55,33
2014,83,53,77,46,53,50,28,65,32,31,40,47,46,54,42,52,56,37,53,29,51,53,45,49,37,19,57,57,47,31,62,25,49,49,57,41,31,41,40,56,27,64,38,61,57,59,52,43,38,33,66,41,33,50,42,65,48,41,28,54,34,27,58,57,46,54,19,37,37,58,31,54,41,24,50,22,38,72,49,54,46,39,39,60,58,41,61,48,37,21,51,39,54,40,55,47,57,38,33,29,65,41,42,45,31,45,44,38,57,56,49,46,67,61,35,50,33,38,37,35,64,28,51,46,52,42,49,46,37,59,36,47,63,48,36,39,67,44,57,43,55,57,41,30,64,48,58,36,51,62,52,67,56,44,56,35,38,41,13,43,51,36,39,67,39,31,45,100,28,51,51,41,77,46,49,69,76,49,51,43,45,55,43,36,56,38,44,45,52,44,63,49,50,40,35,27,83,31,51,58,55,56,47,54,47,45,62,45,51,40,52,62,26,50,43,40,56,43,35,43,54,49,35,42,42,19,40,55,44,49,32,49,32,53,44,15,55,55,67,46,51,23,47,52,39,45,55,51,59,64,33,49,37,50,51,43,43,33,44,61,44,38,46,57,40,51,61,38,40,40,36,39,58,42,40,56,68,56,0,59,36,59,37,38,26,39,40,35,13,30,44,40,59,37,40,53,29,52,33,41,52,54,41,40,47,53,50,31,19,39,40,47,29,49,42,24,36,44,44,53,48,40,55,36,40,45,45,64,43,45,30,29,52,28,69,55,47,38,44,65,53,45,42,64,47,39,49,51,69,65,69,42,40,53,46,33,44,28,43,47,63,45,29,39,45,48,60,58,61,61,81,51,57,45,42,52,46,59,64,52,58,45,34,68,53,45,41,52,48,28,51,51,46,67,39,48,64,33,30,52,63,31,68,36,64,43,16,20,19,32,58,54,34,33,45,41,21,44,59,41,40,61,26,67,48,65,55,58,56,56,67,42,43,54,54,50,61,51,39,31,43,61,43,38,77,57,56,85,60,54,70,72,27,61,38,50,49,32,38,44,62,46,58,50,51,52,18,25,62,44,68,39,46,61,38,52,50,56,60,40,58,60,61,69,48,34,8,45,63,48,44,52,51,61,35,25,30,67,57,41
2015,62,32,67,57,62,56,31,70,27,24,29,49,53,56,31,50,46,53,64,32,55,33,41,49,37,54,45,31,42,39,68,17,48,64,39,20,47,32,36,78,53,68,38,81,88,50,58,45,21,23,70,49,56,51,14,86,53,37,28,56,49,28,93,84,49,60,43,50,45,44,18,70,45,15,37,17,45,93,55,75,41,20,44,59,65,40,78,57,42,34,63,32,48,16,33,45,70,34,38,57,79,43,42,59,63,55,48,27,38,65,51,72,61,56,27,75,18,31,26,46,65,23,71,63,35,58,43,36,48,47,37,54,68,40,57,44,62,40,46,58,57,61,55,36,80,43,56,52,60,55,29,33,98,42,40,44,43,51,11,39,42,25,43,71,51,39,39,62,46,48,39,54,66,54,42,64,55,55,46,40,42,57,59,25,54,53,38,51,53,61,93,54,50,62,31,55,82,28,53,59,98,49,39,37,43,31,54,29,48,81,55,51,49,58,37,25,31,66,41,48,54,57,34,16,77,3,49,63,55,41,69,61,52,51,30,0,52,39,81,53,52,42,56,32,27,47,36,60,64,52,32,37,24,53,64,46,53,74,38,63,38,49,43,32,59,60,63,49,71,44,66,22,50,47,47,67,79,51,7,44,32,79,42,42,39,44,37,9,11,27,40,55,22,13,55,54,61,51,31,49,62,70,38,38,67,42,69,25,37,49,47,66,49,47,40,41,51,27,50,69,55,45,34,32,30,38,28,58,17,52,51,38,55,62,76,48,42,37,59,68,65,50,65,73,33,38,54,50,54,60,74,32,49,51,49,6,43,37,38,54,66,50,40,61,38,49,62,63,51,54,66,48,61,49,43,33,31,37,51,54,49,60,26,85,33,45,33,64,41,34,80,63,62,51,45,71,56,37,39,82,91,25,81,50,46,49,48,27,16,29,100,85,32,32,45,80,18,63,61,28,26,69,35,74,28,62,65,57,63,52,73,40,33,60,52,45,72,49,35,29,36,67,55,40,67,83,23,40,81,42,71,90,39,82,37,46,40,40,51,46,61,62,37,51,60,70,36,44,55,42,95,45,44,56,46,67,60,54,72,48,36,50,53,80,53,16,18,53,57,76,58,29,60,61,25,25,46,58,60,59
2016,76,52,84,56,42,55,56,84,35,49,56,55,52,75,37,70,50,42,74,45,73,63,52,55,32,35,42,54,56,54,80,26,59,84,72,61,47,50,50,58,59,70,50,75,80,71,60,65,16,40,69,54,48,55,31,86,61,52,41,65,54,42,68,74,51,48,64,48,47,52,58,69,45,40,60,37,58,97,57,78,72,48,51,81,65,77,55,50,57,15,68,52,64,30,49,82,90,48,49,40,83,13,67,54,63,58,55,45,63,53,74,52,87,65,36,58,53,53,55,48,67,30,62,67,34,50,56,44,58,71,48,70,75,43,55,56,62,50,45,76,64,62,54,17,81,56,75,68,69,63,62,44,72,48,67,50,50,64,29,58,53,48,68,72,63,43,42,83,49,61,56,35,89,73,62,76,79,56,51,55,50,61,51,34,50,29,49,60,60,70,73,45,51,63,58,40,98,34,62,61,72,46,55,44,63,63,55,41,33,100,60,68,35,64,80,46,41,67,50,52,58,63,44,29,66,50,72,73,59,48,41,48,35,59,26,11,70,51,69,37,55,44,67,47,44,58,53,59,67,52,47,73,34,59,59,54,62,54,50,58,56,50,50,39,51,59,79,43,64,59,71,38,74,53,60,84,82,63,10,73,42,57,47,50,49,58,39,44,0,47,68,60,49,33,70,69,29,52,46,66,60,63,68,61,77,25,59,53,45,55,45,75,44,71,36,45,57,56,55,69,59,35,87,33,38,61,37,78,29,57,53,33,58,50,85,43,49,58,65,85,73,30,58,69,73,67,71,55,64,67,78,64,49,49,54,23,56,37,50,55,69,50,40,64,56,68,63,69,45,66,84,49,68,56,62,63,49,45,80,62,72,46,50,74,58,47,52,65,55,53,78,54,71,81,62,71,72,42,36,66,83,53,39,51,76,39,28,43,28,55,83,84,61,26,42,64,40,47,48,44,37,75,34,77,68,58,68,58,55,64,58,50,62,65,39,55,83,72,47,32,33,82,52,47,64,63,57,61,70,67,65,79,48,76,52,46,61,52,50,56,72,55,40,45,72,61,47,57,63,61,93,64,49,69,41,43,63,46,54,53,56,65,73,71,37,41,36,57,64,56,55,49,79,72,47,27,54,79,51,66
2017,57,55,75,57,40,40,52,95,39,60,62,66,59,76,37,64,26,56,55,20,66,48,54,42,35,37,61,40,52,51,45,46,56,59,45,51,52,34,37,75,27,63,54,51,69,50,55,50,41,40,75,31,33,67,19,56,58,48,54,52,35,12,89,81,62,47,19,54,61,56,50,51,54,32,58,30,37,87,43,71,61,43,49,59,80,61,60,81,51,22,54,56,68,33,56,67,93,51,36,61,75,47,54,57,67,74,51,29,64,59,52,38,63,67,38,66,16,62,44,54,67,47,47,65,65,54,64,51,38,79,33,60,66,52,41,44,69,52,53,54,59,68,60,16,97,56,41,63,50,64,59,39,71,47,49,49,43,62,21,54,48,34,36,36,68,58,50,74,23,47,53,48,87,69,52,58,70,40,58,41,70,55,51,27,59,26,53,64,56,48,71,53,45,69,45,37,93,19,50,73,76,67,54,53,59,57,38,33,68,80,53,45,28,61,29,37,36,55,28,54,63,58,40,21,40,23,80,60,50,44,62,44,27,61,42,0,66,54,77,57,57,41,75,47,41,47,45,76,66,54,36,55,24,52,75,62,42,57,47,47,57,54,50,49,47,52,67,47,58,42,67,53,67,62,42,84,68,68,23,57,59,64,43,43,27,64,38,32,43,43,47,55,50,45,56,76,30,50,35,31,48,89,56,59,69,47,64,50,20,37,39,72,40,56,38,36,62,20,55,69,60,45,37,43,49,57,36,75,29,58,36,33,57,28,100,42,52,40,64,64,66,33,50,63,56,44,55,50,54,49,80,43,69,56,64,4,33,35,49,70,57,41,34,54,57,44,73,47,63,62,59,60,65,49,59,55,43,48,68,54,77,38,62,77,43,55,49,56,53,35,90,73,49,73,45,59,57,54,37,78,90,33,74,50,71,29,21,23,25,31,77,72,53,42,39,63,27,57,69,38,41,72,30,73,64,66,69,47,57,64,56,48,38,53,20,45,71,94,56,42,38,61,38,55,75,74,48,76,92,69,44,100,37,64,54,39,46,55,56,30,63,42,59,39,70,54,32,31,44,45,66,46,60,51,67,63,44,57,60,44,63,72,47,70,31,19,46,74,67,59,64,58,74,44,34,14,45,69,60,45
2018,48,36,63,46,50,38,38,73,26,45,54,53,46,43,43,51,28,52,43,26,44,51,29,40,33,38,51,48,35,30,52,34,49,75,45,31,37,29,54,58,37,60,48,46,64,52,68,42,37,42,52,31,46,62,19,72,49,48,39,42,43,24,70,70,59,37,40,48,45,47,33,59,50,29,46,26,36,65,41,57,61,35,36,61,59,49,55,72,34,50,59,34,45,30,41,44,78,24,36,41,80,45,48,40,55,56,47,37,46,53,46,34,52,59,46,52,41,40,51,42,45,26,38,49,43,44,36,35,53,61,26,43,67,41,36,25,64,45,49,52,40,53,61,30,68,43,51,45,57,55,44,40,48,38,74,48,45,51,13,52,45,36,42,45,63,47,39,72,22,46,44,33,65,46,53,42,55,35,58,38,48,52,27,47,56,25,39,46,60,40,68,42,45,54,46,35,77,20,38,66,50,44,45,48,51,35,33,22,36,79,45,32,26,52,57,45,40,47,37,42,47,56,37,32,32,45,54,48,40,43,50,43,28,39,27,0,59,42,63,22,54,31,48,41,37,49,42,54,61,44,37,43,29,43,62,35,55,53,48,37,45,54,50,42,32,48,53,33,50,38,40,46,58,64,43,56,68,49,5,72,35,51,44,36,21,61,31,35,26,41,40,45,21,31,63,49,53,51,40,26,43,69,36,36,58,39,50,39,32,38,54,52,44,61,33,33,39,28,38,57,50,45,47,31,26,47,30,60,29,45,49,35,46,52,80,51,45,28,44,60,42,34,54,59,35,51,40,41,46,71,77,30,16,66,57,35,40,27,47,47,42,53,34,41,38,47,70,39,41,41,52,36,56,56,38,37,34,41,41,55,52,38,42,63,42,34,36,50,36,36,80,48,55,67,36,51,49,39,47,63,100,28,67,42,49,37,26,16,19,41,40,46,37,27,33,46,37,41,61,20,36,59,27,64,58,52,49,42,55,50,59,54,33,55,53,38,64,63,43,40,28,56,36,37,81,54,47,72,58,49,50,63,36,61,33,27,47,49,37,36,35,35,45,32,48,60,40,35,46,44,45,32,65,54,20,56,57,44,56,51,53,52,56,61,39,29,33,43,37,45,47,30,63,60,26,10,22,44,51,46
2019,46,46,83,22,35,41,50,84,34,63,45,42,14,51,55,62,13,44,63,38,62,35,12,58,34,27,65,42,39,37,42,46,46,74,49,52,55,63,54,54,41,56,28,64,70,62,72,33,31,38,54,45,40,49,13,75,51,44,41,58,35,15,65,70,66,32,45,58,46,41,37,57,46,22,45,23,21,61,41,69,35,30,36,52,57,56,41,100,48,42,45,35,56,17,57,60,82,38,35,44,66,18,64,52,58,47,53,31,42,51,60,34,53,53,41,60,32,48,46,30,52,28,53,36,35,60,35,35,51,64,23,55,66,38,38,47,61,47,62,64,56,56,63,11,91,33,62,48,41,64,35,20,50,40,44,50,52,49,9,51,40,37,50,60,44,44,35,80,20,52,45,43,68,43,49,47,70,59,56,38,43,46,40,37,40,29,50,39,57,54,80,35,46,56,36,27,76,36,44,54,49,24,45,44,63,55,49,22,40,83,33,33,37,53,15,32,30,60,31,43,48,52,37,13,54,23,77,60,56,49,51,28,39,53,42,14,48,72,45,39,33,38,47,51,43,47,37,54,54,46,32,53,50,47,76,53,37,65,58,47,51,59,42,44,43,62,60,49,48,39,60,31,60,66,42,63,71,46,0,78,31,59,33,37,37,40,50,43,22,52,45,46,57,31,51,47,49,57,45,38,63,63,36,35,64,58,70,15,22,36,21,48,35,65,61,33,59,32,43,70,53,53,52,33,15,40,35,57,51,51,40,38,60,47,86,46,31,48,52,68,49,16,32,66,50,35,52,40,47,71,85,57,10,52,66,33,57,31,33,55,62,54,36,57,33,51,60,34,39,37,68,51,59,51,54,48,41,59,72,63,45,58,48,52,40,51,37,60,38,39,91,45,54,83,55,40,60,32,40,72,73,25,69,50,74,46,34,5,18,39,96,62,36,35,43,48,40,41,91,22,43,72,38,71,50,49,51,59,72,58,61,43,32,54,35,54,35,67,46,28,43,60,35,40,76,55,62,71,62,72,60,69,33,66,35,36,48,38,47,26,55,44,54,33,47,52,25,25,53,37,53,45,69,55,23,59,47,39,71,47,50,61,47,73,38,25,60,56,62,56,52,43,57,54,43,22,27,47,44,59
2020,64,50,76,60,51,46,40,70,30,47,41,39,37,52,19,60,39,34,50,29,70,53,31,69,42,32,57,50,47,33,32,33,56,77,50,63,49,49,47,67,43,55,47,51,62,61,31,62,41,41,41,56,32,52,8,82,53,64,51,63,54,17,62,66,70,32,43,47,63,52,44,49,43,32,52,42,36,67,35,67,53,39,16,52,85,56,43,73,50,32,55,46,49,15,61,66,82,46,28,50,68,23,59,47,53,51,48,29,47,54,69,32,76,56,48,68,37,54,42,49,54,49,42,52,33,45,29,34,47,65,32,45,61,46,36,46,81,54,70,69,55,63,65,6,59,34,63,48,51,63,63,34,65,29,46,50,50,45,18,56,48,55,45,64,50,56,39,62,39,51,44,42,65,47,44,55,48,51,53,35,61,49,44,45,59,35,42,71,54,52,63,44,51,67,49,49,90,23,51,68,45,42,53,47,48,60,46,35,44,73,40,40,31,51,69,46,36,52,32,37,58,62,39,38,51,44,74,50,49,57,30,53,28,62,41,32,41,48,73,46,36,38,54,34,49,44,38,58,57,46,40,47,31,50,75,63,61,41,47,46,48,47,45,29,29,45,67,44,53,44,36,31,63,55,64,61,66,53,5,70,46,46,31,39,50,42,42,29,32,49,39,54,32,41,53,46,38,52,58,47,54,67,38,43,52,45,52,40,38,50,38,49,48,55,54,36,51,29,47,68,49,46,57,41,40,48,46,70,27,45,53,33,46,51,84,41,65,41,50,64,40,57,67,65,42,44,45,41,69,84,76,45,32,58,58,39,38,49,43,45,59,55,36,62,44,49,57,40,27,52,51,39,58,31,51,49,48,60,58,49,64,44,57,73,66,37,40,46,53,51,64,61,47,61,54,49,61,40,47,76,51,33,54,54,71,50,32,12,26,17,70,53,53,45,45,54,47,44,79,31,36,66,33,70,49,52,53,53,57,54,51,52,50,55,49,55,58,69,43,23,54,63,44,44,80,65,51,100,72,58,54,79,36,71,52,31,48,50,47,43,44,46,52,36,62,43,41,32,49,42,48,40,80,65,34,39,50,49,69,57,63,68,58,67,57,43,29,56,61,53,46,39,62,50,31,0,36,62,40,51
2021,83,56,84,50,50,47,58,86,39,52,53,72,57,64,46,64,37,48,68,45,49,63,46,67,29,75,55,56,30,49,59,48,59,75,57,55,64,61,49,64,42,58,50,44,71,60,56,50,36,34,77,49,48,39,14,67,55,59,58,47,42,33,68,68,57,50,17,53,74,61,51,64,42,33,39,27,32,81,58,68,51,35,37,53,59,68,55,67,47,43,55,42,62,38,68,55,82,53,32,47,69,54,60,65,66,66,52,43,46,56,69,46,64,61,46,66,29,47,47,50,60,42,68,62,51,47,50,40,47,66,41,66,58,59,48,50,61,59,69,54,56,68,68,40,78,52,59,56,75,73,39,38,58,53,57,46,47,56,36,44,53,67,41,78,39,60,40,80,29,66,42,56,72,46,30,51,52,30,44,43,64,72,32,47,53,43,69,70,73,47,64,58,61,59,57,43,89,29,43,54,47,62,66,57,61,66,43,46,50,100,49,51,48,60,51,48,35,65,56,44,57,65,36,35,48,50,74,55,44,59,39,64,47,62,30,0,45,63,69,44,68,45,67,52,50,48,38,61,64,45,47,49,38,47,65,60,49,63,44,56,63,40,66,51,46,57,83,50,60,39,62,53,64,58,55,64,54,69,6,81,63,52,62,45,43,59,55,38,40,51,37,49,43,49,61,65,57,68,52,33,66,79,49,46,57,55,84,56,21,48,29,57,39,56,52,38,59,47,51,72,51,51,66,50,32,44,41,87,40,56,47,63,42,39,94,59,49,31,70,75,32,45,66,66,50,55,46,45,62,70,76,39,47,75,70,53,44,44,55,60,55,53,46,55,53,49,62,59,65,68,83,55,67,55,47,65,47,61,69,48,75,36,65,69,64,52,45,63,70,38,60,57,49,64,65,50,56,47,48,93,43,52,44,50,94,51,42,29,38,26,71,70,57,54,47,64,30,55,64,43,38,64,31,94,54,69,69,37,62,46,56,43,38,61,49,46,56,49,64,28,61,63,58,49,58,74,67,72,68,55,58,67,45,60,30,41,50,57,50,45,51,32,40,55,54,47,42,29,59,39,46,57,60,68,37,71,57,59,66,47,63,74,51,67,69,37,35,65,61,67,59,39,52,60,46,31,43,48,47,58
2022,69,60,74,54,40,42,62,70,37,65,58,69,45,61,48,61,45,49,64,42,69,65,45,54,35,52,70,70,58,38,68,54,71,86,61,65,44,41,57,80,59,63,58,61,83,77,60,63,60,45,67,42,49,54,12,88,61,63,44,58,63,23,70,79,59,42,26,65,65,72,57,69,65,39,51,43,44,65,52,68,59,57,25,76,62,71,65,50,61,58,52,60,56,31,72,75,69,61,46,60,77,58,78,64,62,55,53,45,52,62,60,53,63,63,56,75,25,67,58,53,55,30,62,53,74,48,55,38,38,74,39,64,71,51,47,59,67,53,84,72,47,73,75,35,73,49,75,74,55,69,51,45,75,23,65,54,41,53,29,58,54,47,53,57,72,52,60,73,36,60,48,57,87,55,43,60,61,49,53,45,59,62,46,52,52,37,61,53,59,47,68,69,49,63,60,35,86,37,52,71,57,59,56,66,68,41,49,58,52,79,56,45,27,61,66,54,54,58,48,53,64,69,49,38,38,37,53,62,79,69,33,49,46,66,63,35,74,67,65,42,70,45,67,39,44,61,55,71,55,73,29,60,30,53,76,60,59,63,49,47,67,55,48,45,46,56,82,43,56,55,52,32,80,66,46,53,80,68,0,78,79,59,73,48,69,54,52,50,31,56,41,61,46,41,41,62,40,67,57,40,75,87,50,57,67,35,81,37,27,69,22,57,36,49,53,36,60,56,72,67,53,78,80,36,44,39,36,72,82,59,44,21,57,46,70,52,64,55,75,87,47,60,78,74,48,65,65,41,54,78,80,37,62,79,70,37,35,51,44,59,68,61,53,65,37,69,76,48,67,60,66,60,67,62,53,43,55,55,80,64,80,33,61,68,60,56,48,55,75,39,71,64,31,77,44,61,73,48,42,99,61,43,65,50,83,50,32,29,47,22,54,72,50,53,53,42,53,53,76,38,46,61,36,86,72,66,71,68,69,69,58,56,74,62,61,50,65,82,36,50,64,70,61,49,76,71,54,78,83,61,50,100,42,80,55,47,34,63,62,34,67,64,56,44,64,57,40,30,55,64,66,58,66,62,55,64,46,58,74,50,61,84,53,80,76,50,32,73,61,55,55,33,63,68,35,15,40,66,63,68
2023,79,42,81,53,14,50,59,61,43,47,49,49,41,49,32,48,46,41,50,34,65,35,41,51,23,23,49,58,43,42,51,39,49,65,51,62,42,48,44,56,60,73,58,42,67,53,49,44,41,39,63,7,31,54,26,74,51,57,38,41,38,19,56,64,33,34,35,39,52,42,39,56,66,29,33,37,12,70,48,51,57,48,13,59,49,67,49,89,47,47,50,46,55,29,44,61,63,32,30,45,60,13,54,54,38,38,32,33,32,47,59,44,62,59,35,58,0,66,47,51,68,28,54,43,47,46,18,13,35,63,19,61,67,37,33,43,63,59,65,76,49,55,54,58,93,50,65,53,46,57,38,28,56,39,54,43,42,41,27,43,55,46,40,55,46,48,42,52,32,50,43,41,65,57,45,48,42,47,65,50,48,73,47,50,52,26,44,50,42,49,66,38,53,56,51,42,79,23,51,47,57,62,51,38,59,41,35,53,64,91,37,39,44,50,69,48,27,50,49,43,50,52,43,33,44,47,60,50,52,46,44,57,42,51,33,19,39,44,57,54,79,48,73,47,29,44,52,55,40,72,28,35,14,46,58,47,45,50,30,49,53,34,43,27,46,51,61,42,45,38,67,35,55,54,60,57,67,43,12,57,42,44,52,42,56,50,43,34,41,43,29,38,55,34,41,53,52,62,35,48,58,73,59,44,37,42,68,35,37,53,29,58,51,51,44,31,59,67,46,61,43,52,46,41,45,40,42,46,63,49,40,35,65,61,69,58,60,45,40,77,51,57,59,60,44,58,52,19,38,73,76,39,52,46,55,40,30,39,37,51,65,50,42,49,55,60,55,37,32,57,57,49,56,40,47,39,38,47,54,39,63,34,53,63,45,49,25,42,44,33,88,55,42,67,46,56,63,34,38,68,79,35,67,45,72,38,43,26,23,38,61,71,60,30,56,58,52,46,75,14,30,45,23,62,44,53,55,71,61,60,64,59,65,52,58,56,51,100,44,28,42,53,54,46,62,60,67,74,65,54,83,76,42,74,37,51,51,64,40,26,56,30,17,41,50,44,40,32,50,42,56,44,64,60,35,57,44,41,59,52,56,72,35,79,48,36,24,54,69,71,51,33,58,66,30,22,21,43,50,65
2024,75,59,86,67,37,54,64,79,50,57,65,71,34,60,59,65,65,56,57,33,72,49,55,55,31,40,76,54,65,48,71,58,70,77,44,61,55,76,53,68,53,76,54,64,81,70,75,58,59,55,74,53,50,48,28,85,65,50,48,59,39,29,67,62,39,51,35,51,86,59,62,77,56,39,48,56,40,63,53,75,58,60,46,74,63,53,68,97,71,49,76,47,64,44,59,44,75,54,49,53,72,65,73,67,78,73,54,44,55,72,63,62,79,67,52,73,40,65,78,61,61,30,74,63,36,52,25,51,51,71,49,72,66,57,54,62,70,64,61,67,63,76,79,53,59,48,61,64,53,59,72,51,64,43,60,64,68,61,28,64,74,72,48,76,52,62,45,67,43,63,42,45,74,64,56,57,68,73,64,54,68,54,55,62,67,48,58,64,75,36,73,69,54,83,66,75,89,36,64,68,44,70,65,42,75,44,62,74,70,94,57,45,43,68,99,43,49,63,54,52,64,61,50,51,61,49,68,64,60,61,69,46,35,69,33,24,32,60,60,50,57,43,83,39,57,56,56,78,67,68,54,46,49,58,72,85,62,67,43,74,69,55,40,45,63,47,71,70,84,41,63,46,80,64,44,75,62,79,0,88,57,65,61,53,69,61,52,59,21,44,49,58,42,51,66,68,47,53,58,74,73,86,66,47,75,48,76,43,52,72,49,75,63,71,57,31,70,63,55,84,58,50,41,39,64,65,62,68,53,56,54,26,82,74,58,56,68,65,59,96,58,61,74,77,68,58,53,53,61,79,95,52,39,57,72,30,53,54,53,66,75,68,60,62,55,77,70,52,56,70,62,61,73,58,45,61,60,65,78,59,61,53,71,84,72,62,48,67,60,37,74,55,62,74,51,54,63,68,56,100,79,50,65,64,76,56,38,29,42,56,92,83,64,40,75,59,57,75,53,41,47,60,33,87,81,71,79,62,85,66,60,71,69,63,70,58,61,52,35,33,50,73,80,55,64,70,71,98,78,64,51,85,61,82,45,73,45,65,71,37,69,59,55,47,51,78,49,54,70,68,59,65,68,75,58,53,55,79,76,59,73,77,72,83,72,44,50,64,63,73,66,46,72,82,60,27,34,74,56,75
2025,86,45,88,66,55,51,41,70,39,48,51,55,50,46,46,61,43,39,49,28,67,58,56,55,17,0,60,33,35,43,78,48,69,84,32,46,48,34,36,42,64,80,46,56,59,58,63,52,41,36,77,40,33,46,22,49,55,51,26,39,25,31,79,62,52,45,59,40,65,55,28,48,49,40,33,17,21,66,36,62,50,58,26,67,47,36,39,68,49,40,45,35,65,23,64,57,73,33,41,44,63,35,53,47,43,41,50,42,55,52,62,40,57,72,23,64,28,50,50,45,63,34,54,51,46,56,30,25,31,62,27,54,71,44,43,49,56,63,73,66,65,57,71,51,49,27,51,54,60,62,63,56,75,33,59,48,37,52,33,52,54,55,52,52,58,38,45,75,20,44,36,43,53,58,39,51,65,55,47,44,32,53,39,42,55,40,50,63,58,52,72,55,45,58,38,70,76,28,58,53,39,72,56,34,34,28,44,32,73,69,38,15,40,49,62,29,6,75,51,46,54,48,35,30,21,41,57,52,37,48,34,46,38,65,28,47,82,54,45,51,76,41,77,51,37,46,43,56,55,56,38,31,3,46,62,49,50,78,35,45,58,44,41,46,48,57,58,59,61,32,48,33,67,54,37,57,93,82,20,80,42,59,44,37,34,63,41,53,40,39,46,42,34,46,34,60,34,42,63,34,80,56,46,51,70,43,76,27,31,79,24,48,49,46,49,21,37,73,38,72,47,31,56,46,49,53,50,71,52,50,47,59,45,56,89,51,61,35,64,59,58,50,67,72,63,66,53,32,64,78,89,39,59,52,57,42,39,45,45,53,61,61,29,43,37,52,59,55,14,63,35,51,61,54,48,45,35,58,64,40,82,35,59,84,89,51,11,54,45,19,59,59,65,66,54,46,74,52,59,95,57,55,73,50,79,51,22,23,37,28,55,62,56,34,62,56,40,35,95,7,35,42,25,62,68,66,64,60,74,62,49,57,59,61,31,43,51,59,26,44,50,55,59,48,100,51,33,82,69,54,74,62,41,60,40,42,45,55,43,17,68,54,26,42,53,59,47,27,80,49,62,47,69,60,16,46,59,47,64,46,51,45,49,63,81,36,39,72,52,83,50,27,68,70,40,14,37,73,32,55
